{
  "juegos" : [
   { "id": "1",
     "nombre": "Ark Survival Evolved",
     "precio": 11.99,
     "url": "/imagenes/ark.jpg",
     "descripcion": "Varado en las costas de una isla misteriosa, tendrás que aprender a sobrevivir. Usa tu astucia para matar o domar a las criaturas primitivas que recorren estas tierras, y halla otros jugadores para sobrevivir, dominar… y escapar." },
     
     { "id": "2",
     "nombre": "Asseto Crosa",
     "precio": 15.59,
     "url": "/imagenes/asseto.jpg",
     "descripcion": "Assetto Corsa es un simulador de carreras que intenta ofrecer una experiencia de conducción realista con una variedad de autos de carretera y de carreras a través de física detallada y simulación de neumáticos en pistas de carreras recreadas mediante tecnología de escaneo láser." },
     
     { "id": "3",
     "nombre": "Bioshock",
     "precio": 7.59,
     "url": "/imagenes/bioshock.jpg",
     "descripcion": "BioShock Infinite es una ciudad llamada Columbia que está suspendida en el aire por globos gigantes, dirigibles y por una especie de propulsores que funcionan sobre la base de un principio similar al efecto Meissner-Ochsenfeld que permite la levitación cuántica. Los sucesos del juego toman lugar en 1912." },
     
     { "id": "4",
     "nombre": "Call of Duty Black Ops 2",
     "precio": 23.79,
     "url": "/imagenes/blackOps2.jpg",
     "descripcion": "Call of Duty®: Black Ops 2, una narración que abarca todo el tiempo y toda una generación, presenta a los jugadores a un insidioso villano llamado Raúl Menéndez, que secuestra la infraestructura militar de EE. UU. para llevar a cabo sus propios planes." },
     
     { "id": "5",
     "nombre": "Dark Souls 3",
     "precio": 23.39,
     "url": "/imagenes/darkSouls.jpg",
     "descripcion": "La tercera y última entrega de la serie Dark Souls, el juego sigue a un personaje no-amable en una misión para evitar el fin del mundo . Se juega en una perspectiva en tercera persona y los jugadores tienen acceso a varias armas, armaduras, magia y consumibles que pueden usar para luchar contra sus enemigos." },
     
     { "id": "6",
     "nombre": "Dead by Daylight",
     "precio": 7.09,
     "url": "/imagenes/dbd.jpg",
     "descripcion": "Dead by Daylight es un juego de horror de multijugador (4 contra 1) en el que un jugador representa el rol del asesino despiadado y los 4 restantes juegan como supervivientes que intentan escapar de él para evitar ser capturados y asesinados." },
     
     { "id": "7",
     "nombre": "Dead Space",
     "precio": 14.99,
     "url": "/imagenes/deadSpace.jpg",
     "descripcion": "Dead Space es un videojuego de disparos en tercera persona perteneciente al subgénero de terror y supervivencia desarrollado por EA Redwood Shores (hoy en día Visceral Games) y distribuido por Electronic Arts. Es el primer título de la serie Dead Space, franquicia que incluye videojuegos, cómics y películas." },
     
     { "id": "8",
     "nombre": "Fallout New Vegas",
     "precio": 5.99,
     "url": "/imagenes/fallout.jpg",
     "descripcion": "Fallout: New Vegas tiene lugar durante el año 2281, cuatro años después de los sucesos de Fallout 3 y 204 años después de la Gran Guerra de 2077 (Tercera Guerra Mundial). El juego se desarrolla en la ciudad de New Vegas —una post-apocalíptica Las Vegas— y en el Desierto de Mojave." },
     
     { "id": "9",
     "nombre": "Fifa 25",
     "precio": 23.89,
     "url": "/imagenes/fifa.jpg",
     "descripcion": "Forma equipo en Rush de 5c5: una nueva forma de jugar al fútbol urbano con tus amistades en Football Ultimate Team™, Clubes y Partido rápido." },
     
     { "id": "10",
     "nombre": "God Of War Ragnarok",
     "precio": 40.19,
     "url": "/imagenes/godOfWar.jpg",
     "descripcion": "God of War Ragnarök es un videojuego de acción y aventura hack and slash en tercera persona desarrollado por Santa Monica Studio y publicado por Sony Interactive Entertainment." },
     
     { "id": "11",
     "nombre": "Grand Theft Auto V",
     "precio": 12.99,
     "url": "/imagenes/gta.jpg",
     "descripcion": "GRAND THEFT AUTO V Un joven estafador callejero, un ladrón de bancos retirado y un psicópata aterrador se meten en problemas, y tendrán que llevar a cabo una serie de peligrosos golpes para sobrevivir en una ciudad en la que no pueden confiar en nadie, y mucho menos los unos en los otros." },
     
     { "id": "12",
     "nombre": "Helldivers 2",
     "precio": 20.59,
     "url": "/imagenes/helldiver.jpg",
     "descripcion": "HELLDIVERS™ 2 es un juego de disparos por equipos en tercera persona donde las fuerzas de élite de los Helldivers luchan en una batalla intergaláctica para eliminar a cualquier amenaza alienígena de la galaxia." },
     
     { "id": "13",
     "nombre": "Lego City Undercover",
     "precio": 3.49,
     "url": "/imagenes/legoUndercover.jpg",
     "descripcion": "En LEGO® CITY Undercover, juega como Chase McCain, un oficial de policía que tiene la misión de ir de incógnito para cazar al famoso (y recientemente escapado) criminal Rex Fury y poner fin a su ola de crímenes en toda la ciudad ." },
     
     { "id": "14",
     "nombre": "Minecraft",
     "precio": 12.80,
     "url": "/imagenes/minecraft.jpg",
     "descripcion": "Minecraft es un videojuego tipo sandbox, su traducción literal sería “caja de arena” y es lo que representa la experiencia de juego. Los jugadores pueden modelar el mundo a su gusto, destruir y construir, como si estuviesen jugando en una caja de arena." },
     
     { "id": "15",
     "nombre": "Outlast",
     "precio": 15.66,
     "url": "/imagenes/outlast.jpg",
     "descripcion": "El juego gira en torno a un periodista de investigación independiente, Miles Upshur, que decide investigar un remoto hospital psiquiátrico llamado Mount Massive Asylum, ubicado en lo profundo de las montañas del condado de Lake, Colorado." },
     
     { "id": "16",
     "nombre": "Tom Clancy Raimbow 6 Siege",
     "precio": 22.99,
     "url": "/imagenes/r6.jpg",
     "descripcion": "Tom Clancy's Rainbow Six® Siege es un shooter táctico realista por equipos en el que una cuidadosa planificación y ejecución de tu estrategia son claves para conseguir la victoria. Embárcate en un nuevo tipo de asalto usando un nivel de destrucción y unos dispositivos nunca vistos." },
     
     { "id": "17",
     "nombre": "Rust",
     "precio": 19.99,
     "url": "/imagenes/rust.jpg",
     "descripcion": "Rust es un juego de supervivencia creado por Facepunch Studios. La inspiración del videojuego viene de múltiples juegos del género de supervivencia. Su lanzamiento oficial se produjo el 8 de febrero de 2018, aunque estuvo en acceso anticipado desde 2013." },
     
     { "id": "18",
     "nombre": "Sea of Thieves",
     "precio": 23.45,
     "url": "/imagenes/seaofThieves.jpg",
     "descripcion": "Sea of Thieves es un exitoso juego de aventuras piratas que ofrece la experiencia pirata por excelencia de saquear tesoros perdidos, batallas intensas, vencer monstruos marinos y más. Sumérgete en esta edición revisada del juego, que incluye acceso a medios digitales de bonificación." },
     
     { "id": "19",
     "nombre": "Marvel Spiderman 2",
     "precio": 45.55,
     "url": "/imagenes/spiderman.jpg",
     "descripcion": "La acción transcurre dos años después de que el joven neoyorquino Peter Parker acallara su amor hacia Mary Jane Watson para dedicarse en cuerpo y alma a ser Spider-Man. Ahora, Peter, mientras sigue ayudando a la policía como Hombre Araña, trabaja como repartidor de pizzas para poder pagarse sus estudios universitarios." } ,
     
     { "id": "20",
     "nombre": "Kingdom Come 2",
     "precio": 10.55,
     "url": "/imagenes/kigdomCome.jpg",
     "descripcion": "Juego medieval de luchitas de espadas" }
 ]

}
